日期,,1号线,2号线,3号线,4号线,5号线,6号线,7号线,8号线,9号线,10号线,11号线,12号线,13号线,16号线,备注,,,,,,,,,,,,,,,,,,,,,,,,,,,,,,,,,,,,
1.1.16,7611092,1023753,1305578,393298,508651,119261,281326,513836,778154,644869,709867,602593,354566,230237,145103,元旦,,,,,,,,,,,,,,,,,,,,,,,,,,,,,,,,,,,,
2.1.16,7104344,941001,1177666,377679,497884,105115,266114,502385,750419,610908,649123,543293,333566,221420,127771,元旦,,,,,,,,,,,,,,,,,,,,,,,,,,,,,,,,,,,,
3.1.16,6272726,842521,1016179,379602,472634,95963,250612,445209,638900,508960,517461,495623,299249,187324,122489,元旦,,,,,,,,,,,,,,,,,,,,,,,,,,,,,,,,,,,,
4.1.16,9126181,1141306,1421920,523173,802087,137349,401641,733072,902324,812111,689075,669539,475380,290866,126338,,,,,,,,,,,,,,,,,,,,,,,,,,,,,,,,,,,,,
5.1.16,9108883,1131500,1414180,516212,806690,135835,399868,739632,910048,807991,691661,659983,479896,296295,119092,,,,,,,,,,,,,,,,,,,,,,,,,,,,,,,,,,,,,
6.1.16,9286082,1151849,1444940,523677,819761,137691,410095,750206,923712,826297,709520,671591,491997,300615,124131,,,,,,,,,,,,,,,,,,,,,,,,,,,,,,,,,,,,,
7.1.16,9499528,1179215,1475681,532232,833497,143282,414325,763029,951458,845491,731372,685877,505083,309263,129723,,,,,,,,,,,,,,,,,,,,,,,,,,,,,,,,,,,,,
8.1.16,10038752,1261238,1576627,559000,868395,153484,436147,792034,998484,893668,773225,725045,527491,323988,149926,,,,,,,,,,,,,,,,,,,,,,,,,,,,,,,,,,,,,
9.1.16,7178055,952148,1103285,403303,560221,111368,296354,539738,764432,606389,601127,536434,352552,234311,116393,――,,,,,,,,,,,,,,,,,,,,,,,,,,,,,,,,,,,,
10.1.16,6235559,817681,971187,362764,483634,94739,259317,460998,657667,506879,517010,488408,306032,199040,110203,――,,,,,,,,,,,,,,,,,,,,,,,,,,,,,,,,,,,,
11.1.16,9375737,1164179,1456549,527063,826295,140852,411094,752805,930703,830416,716896,683628,498475,307980,128802,,,,,,,,,,,,,,,,,,,,,,,,,,,,,,,,,,,,,
12.1.16,9553363,1185181,1489596,534240,838808,143171,418595,764596,954770,847580,737743,690191,506348,313414,129130,,,,,,,,,,,,,,,,,,,,,,,,,,,,,,,,,,,,,
13.1.16,9609320,1198167,1501290,536372,839212,145126,416000,764672,959697,850925,745295,693124,510636,317314,131490,,,,,,,,,,,,,,,,,,,,,,,,,,,,,,,,,,,,,
14.1.16,9614822,1200610,1506427,535445,836617,145534,413615,764203,959668,857015,746721,688196,512006,318197,130568,,,,,,,,,,,,,,,,,,,,,,,,,,,,,,,,,,,,,
15.1.16,10156661,1277465,1622258,561079,870619,155910,435263,793814,1010819,895051,796981,726073,536947,332672,141710,,,,,,,,,,,,,,,,,,,,,,,,,,,,,,,,,,,,,
16.1.16,7466793,993188,1165484,416800,572671,116907,308035,553252,797873,621899,630384,556952,370777,245354,117217,――,,,,,,,,,,,,,,,,,,,,,,,,,,,,,,,,,,,,
17.1.16,6318771,835297,1001367,360479,487280,97885,261670,458444,663150,510307,536407,487759,312291,203727,102708,――,,,,,,,,,,,,,,,,,,,,,,,,,,,,,,,,,,,,
18.1.16,9772350,1224095,1524032,544758,855859,148556,426989,772171,975025,861783,757792,706751,520926,319193,134420,,,,,,,,,,,,,,,,,,,,,,,,,,,,,,,,,,,,,
19.1.16,9853775,1231677,1547674,543919,860192,146785,424275,777192,989944,866182,774516,703895,528030,327382,132112,,,,,,,,,,,,,,,,,,,,,,,,,,,,,,,,,,,,,
20.1.16,9873869,1235422,1549434,547695,860522,148540,429140,777014,987545,865141,776897,704776,528341,327860,135542,,,,,,,,,,,,,,,,,,,,,,,,,,,,,,,,,,,,,
21.1.16,9277682,1157203,1464970,511157,812288,139272,401842,731011,920400,809805,728064,662955,501887,313221,123607,,,,,,,,,,,,,,,,,,,,,,,,,,,,,,,,,,,,,
22.1.16,9612193,1204847,1531860,526845,834856,141327,412488,747376,960465,838496,766287,683021,517009,320897,126419,,,,,,,,,,,,,,,,,,,,,,,,,,,,,,,,,,,,,
23.1.16,6323619,832542,1001198,352384,498311,93052,265352,461968,680542,519164,542242,463167,314110,209644,89943,――,,,,,,,,,,,,,,,,,,,,,,,,,,,,,,,,,,,,
24.1.16,5200374,684293,832172,296311,406563,74735,210938,378304,552098,415063,449504,399701,255369,169945,75378,――,春运,,,,,,,,,,,,,,,,,,,,,,,,,,,,,,,,,,,
25.1.16,9278541,1156990,1460033,511716,812115,137661,397842,733667,928728,815235,729862,669463,496264,311821,117144,,春运,,,,,,,,,,,,,,,,,,,,,,,,,,,,,,,,,,,
26.1.16,9636074,1214414,1520549,533130,841633,141984,413405,752576,960409,839769,762029,685779,522839,325367,122191,,春运,,,,,,,,,,,,,,,,,,,,,,,,,,,,,,,,,,,
27.1.16,9306691,1174245,1459770,515645,815299,137041,399137,738592,927608,812083,726295,663770,506664,316010,114532,,春运,,,,,,,,,,,,,,,,,,,,,,,,,,,,,,,,,,,
28.1.16,9197324,1156047,1446653,506516,809664,135187,393037,722468,926700,803033,719307,651430,502401,312686,112195,,春运,,,,,,,,,,,,,,,,,,,,,,,,,,,,,,,,,,,
29.1.16,9352053,1190308,1494013.0,516942,816938,137343,401893,728081,932122,809194,733571,656400,505810,316408,113030,,春运,,,,,,,,,,,,,,,,,,,,,,,,,,,,,,,,,,,
30.1.16,6879117,937592,1086167,388457,539846,100310,285909,501339,749380,541434,582041,499990,346923,225894,93835,――,春运,,,,,,,,,,,,,,,,,,,,,,,,,,,,,,,,,,,
31.1.16,6163131,853986,980900,347725,472038,88741,255314,439873,662707,475505,531414,456134,308270,202609,87915,――,春运,,,,,,,,,,,,,,,,,,,,,,,,,,,,,,,,,,,
1.2.16,8809307,1134747,1403732,491867,770958,127050,372336,690448,884675,720900,701530,622383,487408,291925,109348,,春运,,,,,,,,,,,,,,,,,,,,,,,,,,,,,,,,,,,
2.2.16,8651098,1125465,1389696,477642,754563,122524,365910,671236,876107,701956,693026,597318,480414,287378,107863,,春运,,,,,,,,,,,,,,,,,,,,,,,,,,,,,,,,,,,
3.2.16,8277178,1085393,1344772,459267,715511,115088,347406,635594,842146,658500,674694,567138,457298,270273,104098,,春运,,,,,,,,,,,,,,,,,,,,,,,,,,,,,,,,,,,
4.2.16,7407031,984260,1213098,409409,643020,100733,313146,565316,758267,572367,606844,500148,409332,238998,92093,,春运,,,,,,,,,,,,,,,,,,,,,,,,,,,,,,,,,,,
5.2.16,6570615,886462,1094133,357349,559924,88308,275124,494014,688730,491939,554535,438976,355715,200684,84722,,春运,,,,,,,,,,,,,,,,,,,,,,,,,,,,,,,,,,,
6.2.16,4874542,667816,822330,267217,392542,60701,197982,353690,534481,342069,428039,331900,260480,147769,67526,,春运,,,,,,,,,,,,,,,,,,,,,,,,,,,,,,,,,,,
7.2.16,2814104,375956,434037,155862,218926,36589,116014,212922,342308,191548,245674,205929,148058,87517,42764,春节,春运,,,,,,,,,,,,,,,,,,,,,,,,,,,,,,,,,,,
8.2.16,3827761,482659,677368,178186,241231,47545,142943,262753,436621,250160,427409,283192,205467,125046,67181,春节,春运,,,,,,,,,,,,,,,,,,,,,,,,,,,,,,,,,,,
9.2.16,4524263,594832,796630,223288,298482,58014,161076,296932,508000,316005,486133,335629,217441,142494,89307,春节,春运,,,,,,,,,,,,,,,,,,,,,,,,,,,,,,,,,,,
10.2.16,4572855,618212,832949,234121,302179,55528,161546,307404,523826,334572,412125,330996,217823,146794,94780,春节,春运,,,,,,,,,,,,,,,,,,,,,,,,,,,,,,,,,,,
11.2.16,4057216,551228,721698,218423,281020,45595,144238,273961,460014,281213,400203,280417,195717,134155,69334,春节,春运,,,,,,,,,,,,,,,,,,,,,,,,,,,,,,,,,,,
12.2.16,4629906,631152,808443,251442,317216,56053,167672,313277,513548,329293,451773,327110,229938,150247,82742,春节,春运,,,,,,,,,,,,,,,,,,,,,,,,,,,,,,,,,,,
13.2.16,4340091,608146,750147,267398,320511,54316,164516,294199,470975,303773,377420,311405,212696,136190,68399,春节,春运,,,,,,,,,,,,,,,,,,,,,,,,,,,,,,,,,,,
14.2.16,6501489,871844,1102685,381404,520284,87059,259748,467541,677402,498519,525711,465147,339789,214580,89776,,春运,,,,,,,,,,,,,,,,,,,,,,,,,,,,,,,,,,,
15.2.16,7711514,1000820,1269338,445487,654874,109303,321276,588231,775950,618522,609312,550837,415665,247302,104597,,春运,,,,,,,,,,,,,,,,,,,,,,,,,,,,,,,,,,,
16.2.16,8316375,1064114,1359809,465818,710291,118356,348346,642208,832444,677866,652974,598264,452899,278897,114089,,春运,,,,,,,,,,,,,,,,,,,,,,,,,,,,,,,,,,,
17.2.16,8759750,1115514,1406200,493632,750049,127324,377973,681835,876886,723328,684348,631405,476422,293406,121428,,除夕,,,,,,,,,,,,,,,,,,,,,,,,,,,,,,,,,,,
18.2.16,9029003,1147326,1446998,503867,777323,132008,386830,705108,898754,752732,706571,651866,492368,303224,124028,,初一,,,,,,,,,,,,,,,,,,,,,,,,,,,,,,,,,,,
19.2.16,9325628,1188690,1498046,521123,799162,140030,403721,725904,925565,778657,723858,669346,508969,313415,129142,,初二,,,,,,,,,,,,,,,,,,,,,,,,,,,,,,,,,,,
20.2.16,7028048,939871,1094612,398927,533721,108941,283315,511852,759887,572126,592835,538359,344268,232296,117038,――,初三,,,,,,,,,,,,,,,,,,,,,,,,,,,,,,,,,,,
21.2.16,6323409,837398,985455,364795,474103,101204,256277,459183,665452,506617,545149,500560,309716,205791,111709,――,初四,,,,,,,,,,,,,,,,,,,,,,,,,,,,,,,,,,,
22.2.16,8875442,1098569,1386045,495106,775903,134037,388840,715240,871090,768558,677268,648862,493846,306723,115355,,初五,,,,,,,,,,,,,,,,,,,,,,,,,,,,,,,,,,,
23.2.16,9714067,1214023,1523066,549691,840109,145010,418374,779825,962164,840441,741084,711171,527498,328435,133176,,初六,,,,,,,,,,,,,,,,,,,,,,,,,,,,,,,,,,,
24.2.16,9995218,1242080,1573122,564035,860817,147958,427866,797747,989812,869892,770604,734707,540683,336835,139060,,春运,,,,,,,,,,,,,,,,,,,,,,,,,,,,,,,,,,,
25.2.16,10081174,1261341,1581938,570325,865941,148936,427784,800530,991996,881143,782916,741518,545307,340255,141244,,春运,,,,,,,,,,,,,,,,,,,,,,,,,,,,,,,,,,,
26.2.16,10630646,1345847,1680755,594088,903780,161117,452315,824755,1040527,933273,820457,786410,570923,355808,160591,,春运,,,,,,,,,,,,,,,,,,,,,,,,,,,,,,,,,,,
27.2.16,8171098,1087018,1261604,463367,621019,127958,326508,614020,829993,704126,667601,645463,403309,269335,149777,――,春运,,,,,,,,,,,,,,,,,,,,,,,,,,,,,,,,,,,
28.2.16,7338478,968263,1145446,431833,551495,115532,293484,533956,740075,620721,594214,602190,359742,233443,148084,――,春运,,,,,,,,,,,,,,,,,,,,,,,,,,,,,,,,,,,
29.2.16,10164699,1264440,1569339,577813,880831,155648,435886,806109,990511,900094,769333,771250,554792,342896,145757,,春运,,,,,,,,,,,,,,,,,,,,,,,,,,,,,,,,,,,
1.3.16,10239693,1265328,1588553,577919,884541,153058,439063,822496,1004480,904727,778779,766032,559058,349741,145918,,春运,,,,,,,,,,,,,,,,,,,,,,,,,,,,,,,,,,,
2.3.16,10331617,1272835,1600861,580950,902535,155095,441770,829881,1016711,910536,781976,772745,565965,352111,147646,,春运,,,,,,,,,,,,,,,,,,,,,,,,,,,,,,,,,,,
3.3.16,10252792,1267014,1595226,572204,881886,151847,440538,824257,1005234,907344,780924,765911,562365,350162,147880,,春运,,,,,,,,,,,,,,,,,,,,,,,,,,,,,,,,,,,
4.3.16,10826001,1347998,1696998,606071,913325,166188,461266,850651,1059565,954887,831460,810452,588358,364782,174000,,,,,,,,,,,,,,,,,,,,,,,,,,,,,,,,,,,,,
5.3.16,8117703,1057962,1242734,462305,618750,128830,327491,611157,865070,694166,668215,633196,398751,267961,141115,――,,,,,,,,,,,,,,,,,,,,,,,,,,,,,,,,,,,,
6.3.16,7188799,939332,1101107,414071,539538,116165,288329,529846,757882,610386,583031,588442,348451,229957,142262,――,,,,,,,,,,,,,,,,,,,,,,,,,,,,,,,,,,,,
7.3.16,10309060,1277722,1586244,579219,888754,157474,442870,819915,1013258,910475,783906,779503,568053,352363,149304,,,,,,,,,,,,,,,,,,,,,,,,,,,,,,,,,,,,,
8.3.16,10010129,1252154,1565576,546997,859171,148195,427331,798638,990853,881868,762678,734642,553341,356630,132055,,,,,,,,,,,,,,,,,,,,,,,,,,,,,,,,,,,,,
9.3.16,10023305,1221187,1572825,552681,869780,149068,433229,828321,975036,875765,757340,746605,556043,349789,135636,,,,,,,,,,,,,,,,,,,,,,,,,,,,,,,,,,,,,
10.3.16,10231089,1249780,1609096,567802,882028,150468,436400,844488,996192,896432,779619,757867,565575,353346,141996,,,,,,,,,,,,,,,,,,,,,,,,,,,,,,,,,,,,,
11.3.16,11165863,1389450,1757861,618014,957762,173199,469660,886846,1099847,970815,855553,831099,606174,373754,175829,,,,,,,,,,,,,,,,,,,,,,,,,,,,,,,,,,,,,
12.3.16,8328382,1078857,1268169,459178,627717,131189,330730,644943,922916,708525,686025,641328,411971,273137,143697,――,,,,,,,,,,,,,,,,,,,,,,,,,,,,,,,,,,,,
13.3.16,6809758,890689,1042422,391033,516753,108987,273144,505097,724082,564801,548222,555998,336212,220433,131885,――,,,,,,,,,,,,,,,,,,,,,,,,,,,,,,,,,,,,
14.3.16,10318794,1273201,1593347,579237,887406,157872,442734,828478,1006785,914623,783186,776969,573104,352979,148873,,,,,,,,,,,,,,,,,,,,,,,,,,,,,,,,,,,,,
15.3.16,10575134,1296191,1653544,582824,918453,157468,450723,881026,1027671,925256,806653,782521,582756,361954,148094,,,,,,,,,,,,,,,,,,,,,,,,,,,,,,,,,,,,,
16.3.16,10678581,1299637,1720032,590016,908219,158258,446428,890077,1026045,927640,828714,785509,585413,362155,150438,,,,,,,,,,,,,,,,,,,,,,,,,,,,,,,,,,,,,
17.3.16,10405209,1268154,1674135,577470,885442,153604,438147,844294,1002835,908964,808905,766259,574031,355567,147402,,,,,,,,,,,,,,,,,,,,,,,,,,,,,,,,,,,,,
18.3.16,10910587,1355417,1734203,608943,917577,167131,466290,848657,1049387,955581,845497,813554,601135,368481,178734,,,,,,,,,,,,,,,,,,,,,,,,,,,,,,,,,,,,,
19.3.16,8055049,1048420,1219385,455583,618520,130293,320833,628960,829823,689319,669652,629907,405710,266524,142120,――,,,,,,,,,,,,,,,,,,,,,,,,,,,,,,,,,,,,
20.3.16,7715096,992894,1191438,453530,570910,125839,295607,632089,772514,645561,636001,621611,377822,246024,153256,――,,,,,,,,,,,,,,,,,,,,,,,,,,,,,,,,,,,,
21.3.16,10412665,1283007,1594916,589175,890683,159455,442627,857110,1009178,916641,793077,786661,580289,356337,153509,,,,,,,,,,,,,,,,,,,,,,,,,,,,,,,,,,,,,
22.3.16,10264348,1256832,1590441,574448,882512,153847,436842,845263,998827,900859,786502,764853,573444,354147,145531,,,,,,,,,,,,,,,,,,,,,,,,,,,,,,,,,,,,,
23.3.16,10376181,1264005,1637794,577799,885514,155660,442085,849660,1001101,905913,799662,770681,581883,357865,146559,,,,,,,,,,,,,,,,,,,,,,,,,,,,,,,,,,,,,
24.3.16,10432426,1277459,1632325,584086,890705,157666,442029,857429,1009505,904842,809559,776728,581262,359635,149196,,,,,,,,,,,,,,,,,,,,,,,,,,,,,,,,,,,,,
25.3.16,11072926,1384088,1733286,625432,928674,170812,465608,869390,1076760,963400,858484,830216,613479,374547,178750,,,,,,,,,,,,,,,,,,,,,,,,,,,,,,,,,,,,,
26.3.16,8564081,1103956,1287819,497201,648525,149045,339159,676951,861905,721882,702529,703468,435827,279291,156523,――,,,,,,,,,,,,,,,,,,,,,,,,,,,,,,,,,,,,
27.3.16,7770398,988013,1204313,452857,570018,133229,308577,620318,767523,646003,633502,657913,384891,245717,157524,――,,,,,,,,,,,,,,,,,,,,,,,,,,,,,,,,,,,,
28.3.16,10492597,1282672,1607450,593739,894840,162281,445399,863715,1024475,917689,799796,798216,585606,359446,157273,,,,,,,,,,,,,,,,,,,,,,,,,,,,,,,,,,,,,
29.3.16,10600929,1289095,1637445,595277,904290,161254,448514,897933,1028182,920614,809204,799448,589943,363902,155828,,,,,,,,,,,,,,,,,,,,,,,,,,,,,,,,,,,,,
30.3.16,10355151,1257124,1622994,579688,887109,154863,440889,865004,1003261,900002,790598,767830,579055,358641,148093,,,,,,,,,,,,,,,,,,,,,,,,,,,,,,,,,,,,,
31.3.16,10198210,1250849,1592387,572698,866904,153550,434680,838740,986342,885162,782490,759654,572430,355980,146344,,,,,,,,,,,,,,,,,,,,,,,,,,,,,,,,,,,,,
1.4.16,11299006,1422772,1770847,640049,946325,181684,471855,886640,1077723,971825,883031,859473,621576,374748,190458,,,,,,,,,,,,,,,,,,,,,,,,,,,,,,,,,,,,,
2.4.16,7175044,950698,1125652,412557,534254,127138,267832,509592,717807,603413,620879,596579,349027,225893,133723,清明,,,,,,,,,,,,,,,,,,,,,,,,,,,,,,,,,,,,
3.4.16,6126406,795846,1000021,349870,440785,98735,222990,425201,627154,510726,544842,506352,294704,199691,109489,清明,,,,,,,,,,,,,,,,,,,,,,,,,,,,,,,,,,,,
4.4.16,7548001,946543,1239119,455118,512329,141506,264126,542148,709539,627040,637053,719890,357278,224742,171570,清明,,,,,,,,,,,,,,,,,,,,,,,,,,,,,,,,,,,,
5.4.16,10098402,1245063,1547362,585084,865293,155025,433885,797963,974851,884533,765382,770514,572552,345478,155417,,,,,,,,,,,,,,,,,,,,,,,,,,,,,,,,,,,,,
6.4.16,9453372,1158312,1439769,540364,820343,143237,409454,756476,919237,832879,710021,710139,545332,335473,132336,,,,,,,,,,,,,,,,,,,,,,,,,,,,,,,,,,,,,
7.4.16,9967680,1216367,1525755,565196,861668,149309,431267,796439,973510,874324,759678,746921,572905,353631,140710,,,,,,,,,,,,,,,,,,,,,,,,,,,,,,,,,,,,,
8.4.16,11094103,1377132,1708348,623517,934890,174632,470846,869257,1083524,973019,854121,836203,625051,379663,183900,,,,,,,,,,,,,,,,,,,,,,,,,,,,,,,,,,,,,
9.4.16,8194551,1063441,1229204,467254,622093,136293,333304,623380,839997,696812,681295,652293,421541,270024,157620,――,,,,,,,,,,,,,,,,,,,,,,,,,,,,,,,,,,,,
10.4.16,7351075,937182,1119557,437718,554988,116832,295877,553897,757653,608578,604737,607271,368756,234575,153454,――,,,,,,,,,,,,,,,,,,,,,,,,,,,,,,,,,,,,
11.4.16,10474842,1281455,1604170,590652,898307,157556,448225,848047,1021693,920689,801694,789915,592509,362417,157513,,,,,,,,,,,,,,,,,,,,,,,,,,,,,,,,,,,,,
12.4.16,10155779,1234172,1561339,568863,879657,148767,437347,830241,992241,891282,778724,753950,577908,358447,142841,,,,,,,,,,,,,,,,,,,,,,,,,,,,,,,,,,,,,
13.4.16,10503869,1276399,1617037,583766,901364,154680,451713,851364,1031217,921627,812512,783399,597344,366336,155111,,,,,,,,,,,,,,,,,,,,,,,,,,,,,,,,,,,,,
14.4.16,10458107,1272271,1611945,580779,892739,154100,447781,840196,1027296,919983,812609,781421,594683,365664,156640,,,,,,,,,,,,,,,,,,,,,,,,,,,,,,,,,,,,,
15.4.16,11179990,1372587,1744297,622436,948888,166642,475500,866343,1090448,987613,872749,841862,627898,381204,181523,,,,,,,,,,,,,,,,,,,,,,,,,,,,,,,,,,,,,
16.4.16,7035742,900260,1086939,403476,545701,108147,285651,514728,727339,578639,585605,579567,361072,237059,121559,――,,,,,,,,,,,,,,,,,,,,,,,,,,,,,,,,,,,,
17.4.16,8121765,1004271,1323645,478760,593846,123297,321708,572753,825350,659195,697032,704929,399276,252973,164730,――,,,,,,,,,,,,,,,,,,,,,,,,,,,,,,,,,,,,
18.4.16,10763226,1297678,1746675,603415,913650,158486,453095,837041,1030838,931187,855070,805971,604376,365506,160238,,,,,,,,,,,,,,,,,,,,,,,,,,,,,,,,,,,,,
19.4.16,10893436,1315258,1735343,605772,934805,160171,456457,846851,1060183,942434,867467,822179,611864,373268,161384,,,,,,,,,,,,,,,,,,,,,,,,,,,,,,,,,,,,,
20.4.16,9984106,1213565,1553699,558677,859110,147020,426718,786647,976729,874280,776059,741671,573490,354163,142278,,,,,,,,,,,,,,,,,,,,,,,,,,,,,,,,,,,,,
21.4.16,10358293,1261658,1590314,579772,887632,152917,445566,819821,1019098,907979,805092,776570,595606,365964,150304,,,,,,,,,,,,,,,,,,,,,,,,,,,,,,,,,,,,,
22.4.16,11112414,1370861,1713825,618511,935772,168108,472242,859337,1093895,976846,867564,839619,629399,383003,183432,,,,,,,,,,,,,,,,,,,,,,,,,,,,,,,,,,,,,
23.4.16,6978964,897165,1034449,396361,568900,111037,282001,520650,739669,581524,562257,557518,369656,241738,116039,――,,,,,,,,,,,,,,,,,,,,,,,,,,,,,,,,,,,,
24.4.16,7416030,947707,1137548,436358,555287,115545,300078,547244,771245,608846,621019,606293,378310,242367,148183,――,,,,,,,,,,,,,,,,,,,,,,,,,,,,,,,,,,,,
25.4.16,10315905,1256404,1584932,574932,882789,154430,439799,853944,1005828,900145,785080,773456,589150,361348,153668,,,,,,,,,,,,,,,,,,,,,,,,,,,,,,,,,,,,,
26.4.16,10210976,1229795,1584134,559677,875384,148555,435979,859742,999929,885264,779162,761138,582335,362063,147819,,,,,,,,,,,,,,,,,,,,,,,,,,,,,,,,,,,,,
27.4.16,10537202,1273503,1625408,581757,899942,154049,448335,867578,1034360,914520,803545,807771,597386,368782,160266,,,,,,,,,,,,,,,,,,,,,,,,,,,,,,,,,,,,,
28.4.16,10831778,1323433,1652683,598698,915274,160909,458528,861063,1059085,940576,834558,861699,611688,375368,178216,,,,,,,,,,,,,,,,,,,,,,,,,,,,,,,,,,,,,
29.4.16,11522926,1447423,1783520,651321,972797,177527,481554,861275,1107624,986855,910914,912795,635869,388977,204475,,,,,,,,,,,,,,,,,,,,,,,,,,,,,,,,,,,,,
30.4.16,8840788,1145160,1412096,477218,618282,132185,321105,594203,909786,737992,806649,768827,418044,278504,220737,五一,,,,,,,,,,,,,,,,,,,,,,,,,,,,,,,,,,,,
1.5.16,8748708,1117337,1340707,450076,557469,133094,301500,573939,910112,775203,822596,825971,404064,282184,254456,五一,,,,,,,,,,,,,,,,,,,,,,,,,,,,,,,,,,,,
2.5.16,6890347,886934,1118656,408256,490013,104597,255237,460764,691254,552946,594173,618095,330219,212623,166580,五一,,,,,,,,,,,,,,,,,,,,,,,,,,,,,,,,,,,,
3.5.16,10201480,1244948,1568371,580741,856259,152206,431488,787507,989170,893027,790335,813040,575508,347816,171064,,,,,,,,,,,,,,,,,,,,,,,,,,,,,,,,,,,,,
4.5.16,10441367,1265682,1590946,582078,880540,155556,445202,819811,1026137,917762,802295,830690,591216,362933,170519,,,,,,,,,,,,,,,,,,,,,,,,,,,,,,,,,,,,,
5.5.16,10128528,1222348,1563980,559023,862981,147355,434398,838912,991389,880018,770880,772307,575902,354318,154717,,,,,,,,,,,,,,,,,,,,,,,,,,,,,,,,,,,,,
6.5.16,11027555,1339418,1718896,601892,921192,163542,460531,892797,1092190,955864,850617,844977,621009,379731,184899,,,,,,,,,,,,,,,,,,,,,,,,,,,,,,,,,,,,,
7.5.16,7912611,1004650,1199259,429341,616547,120713,321228,603926,827003,655845,648389,670315,402867,260557,151971,――,,,,,,,,,,,,,,,,,,,,,,,,,,,,,,,,,,,,
8.5.16,6764589,863263,1030849,384615,512583,102337,276800,494524,718103,544620,552754,583638,342391,223229,134883,――,,,,,,,,,,,,,,,,,,,,,,,,,,,,,,,,,,,,
9.5.16,10206560,1239766,1554864,568618,874275,152482,437270,809095,1001214,891667,778790,793116,585537,360244,159622,,,,,,,,,,,,,,,,,,,,,,,,,,,,,,,,,,,,,
10.5.16,10361640,1253767,1591302,573640,884550,152458,445970,819903,996363,903503,795257,819766,595693,365965,163503,,,,,,,,,,,,,,,,,,,,,,,,,,,,,,,,,,,,,
11.5.16,10842445,1298580,1687090,591155,909529,158422,457596,894049,1058496,941160,832206,854570,609854,374476,175262,,,,,,,,,,,,,,,,,,,,,,,,,,,,,,,,,,,,,
12.5.16,10758953,1290287,1680856,582152,903460,156125,455012,899214,1045678,932280,830990,834005,604843,371516,172535,,,,,,,,,,,,,,,,,,,,,,,,,,,,,,,,,,,,,
13.5.16,11198479,1364883,1728383,611075,929714,165786,473587,900725,1103220,970052,865673,880867,627611,382753,194150,,,,,,,,,,,,,,,,,,,,,,,,,,,,,,,,,,,,,
14.5.16,8404467,1057496,1258063,459899,638339,129119,336217,623671,877168,705986,701797,739624,430384,273902,172802,――,,,,,,,,,,,,,,,,,,,,,,,,,,,,,,,,,,,,
15.5.16,6844592,873947,1038926,398788,512741,103894,273548,489584,715397,554798,559081,602762,349061,223663,148402,――,,,,,,,,,,,,,,,,,,,,,,,,,,,,,,,,,,,,
16.5.16,10526953,1274544,1624616,584983,891345,157330,446957,823269,1027346,920532,817705,829794,590818,369540,168174,,,,,,,,,,,,,,,,,,,,,,,,,,,,,,,,,,,,,
17.5.16,10649980,1281020,1649586,584229,896609,156183,448747,837991,1038869,930227,829924,851184,600344,372046,173021,,,,,,,,,,,,,,,,,,,,,,,,,,,,,,,,,,,,,
18.5.16,10767283,1293119,1662617,585937,904838,157443,454151,881699,1049820,935857,828308,850166,609833,376492,177003,,,,,,,,,,,,,,,,,,,,,,,,,,,,,,,,,,,,,
19.5.16,10748553,1290272,1671959,580102,897694,156542,450414,882528,1048003,940097,827507,838652,604280,375553,184950,,,,,,,,,,,,,,,,,,,,,,,,,,,,,,,,,,,,,
20.5.16,11076009,1357105,1722862,605496,925010,164124,464051,878256,1080986,959870,859983,853334,630303,388039,186590,,,,,,,,,,,,,,,,,,,,,,,,,,,,,,,,,,,,,
21.5.16,6895573,879345,1035948,381199,540833,105438,280728,516974,719624,576891,556920,576007,360237,239294,126135,――,,,,,,,,,,,,,,,,,,,,,,,,,,,,,,,,,,,,
22.5.16,7229811,919449,1084605,414170,536588,113223,288749,521739,742619,594785,591163,654607,370606,237660,159848,――,,,,,,,,,,,,,,,,,,,,,,,,,,,,,,,,,,,,
23.5.16,10494234,1274135,1583635,585693,888670,156453,444059,851918,1013919,912481,800416,836120,602758,378234,165743,,,,,,,,,,,,,,,,,,,,,,,,,,,,,,,,,,,,,
24.5.16,10627623,1284103,1602957,586276,911033,154927,445732,875417,1034505,916727,808860,851966,606208,384512,164400,,,,,,,,,,,,,,,,,,,,,,,,,,,,,,,,,,,,,
25.5.16,10630200,1281841,1619605,584648,896660,156718,449553,862977,1033584,923810,812793,850371,606897,381576,169167,,,,,,,,,,,,,,,,,,,,,,,,,,,,,,,,,,,,,
26.5.16,10173976,1232034,1545855,562969,865959,150414,433808,816426,995138,885185,781910,785540,591165,371105,156468,,,,,,,,,,,,,,,,,,,,,,,,,,,,,,,,,,,,,
27.5.16,10482855,1284841,1589197,586111,878482,158275,442333,814361,1033154,908146,809247,824571,603798,375653,174686,,,,,,,,,,,,,,,,,,,,,,,,,,,,,,,,,,,,,
28.5.16,6815477,868167,1005987,379429,525727,104215,279614,512617,728311,560257,550268,578846,357081,240769,124189,――,,,,,,,,,,,,,,,,,,,,,,,,,,,,,,,,,,,,
29.5.16,6522827,832083,989558,374268,489761,101304,261961,481705,669226,526403,535294,573643,332643,221367,133611,――,,,,,,,,,,,,,,,,,,,,,,,,,,,,,,,,,,,,
30.5.16,10469433,1272874,1567239,585374,882896,157378,444696,832336,1022427,917251,801212,833601,605325,377466,169358,,,,,,,,,,,,,,,,,,,,,,,,,,,,,,,,,,,,,
31.5.16,10273326,1241731,1544996,564398,868913,150371,436513,819442,1008841,893064,788761,822161,596534,376714,160887,,,,,,,,,,,,,,,,,,,,,,,,,,,,,,,,,,,,,
1.6.16,9937941,1191563,1527215,542887,840240,143816,423213,810290,976637,857743,756804,770769,573756,374072,148936,,,,,,,,,,,,,,,,,,,,,,,,,,,,,,,,,,,,,
2.6.16,10555086,1274206,1611769,576565,884309,155205,449781,854306,1030002,921546,813359,829694,605009,377919,171416,,,,,,,,,,,,,,,,,,,,,,,,,,,,,,,,,,,,,
3.6.16,10240064,1249351,1574642,559169,863435,150408,434290,820625,989592,884339,779095,801868,592544,373768,166938,,,,,,,,,,,,,,,,,,,,,,,,,,,,,,,,,,,,,
4.6.16,7545356,962943,1138675,413669,568739,114335,306008,562280,791573,624003,624427,649994,388495,257855,142360,――,,,,,,,,,,,,,,,,,,,,,,,,,,,,,,,,,,,,
5.6.16,7320767,927992,1114017,402799,532684,113770,293409,525797,748796,598745,601511,682022,373728,241281,164216,――,,,,,,,,,,,,,,,,,,,,,,,,,,,,,,,,,,,,
6.6.16,10345739,1259119,1557376,572069,877643,155796,440882,814960,1010138,909804,790734,818568,599548,371496,167606,,,,,,,,,,,,,,,,,,,,,,,,,,,,,,,,,,,,,
7.6.16,10305627,1255124,1554415,567992,876371,151583,434118,806776,1007387,897425,791478,828115,596118,370181,168544,,,,,,,,,,,,,,,,,,,,,,,,,,,,,,,,,,,,,
8.6.16,10912309,1367073,1669917,603963,911080,167224,454259,832024,1050566,938868,843215,876747,619097,381431,196845,,,,,,,,,,,,,,,,,,,,,,,,,,,,,,,,,,,,,
9.6.16,7433626,943019,1208869,390732,512101,113922,272787,540565,736726,618741,661093,670913,358015,234315,171828,端午,,,,,,,,,,,,,,,,,,,,,,,,,,,,,,,,,,,,
10.6.16,7641300,958184,1223930,399450,522993,112235,281451,557424,772813,645641,670973,702493,368017,248122,177574,端午,,,,,,,,,,,,,,,,,,,,,,,,,,,,,,,,,,,,
11.6.16,6993071,903941,1089157,408811,521135,105514,267957,482819,705122,564467,577052,640767,347853,223192,155284,端午,,,,,,,,,,,,,,,,,,,,,,,,,,,,,,,,,,,,
12.6.16,8383493,1027384,1278666,484163,700850,126131,351715,652654,815524,715064,637007,656941,489153,309264,138977,,,,,,,,,,,,,,,,,,,,,,,,,,,,,,,,,,,,,
13.6.16,10433580,1269301,1586030,574964,877876,156098,442603,821407,1015545,914223,802582,825713,601842,373121,172275,,,,,,,,,,,,,,,,,,,,,,,,,,,,,,,,,,,,,
14.6.16,10498241,1269060,1614432,570903,883190,153579,443606,848230,1022829,921973,809912,808185,600730,380243,171369,,,,,,,,,,,,,,,,,,,,,,,,,,,,,,,,,,,,,
15.6.16,10395997,1255063,1624716,566967,882373,150707,436378,835079,1006785,901235,806117,792424,598478,376378,163297,,,,,,,,,,,,,,,,,,,,,,,,,,,,,,,,,,,,,
16.6.16,10522871,1271006,1631124,570577,880277,155028,441350,825201,1022141,915450,824635,833819,605301,375868,171094,,,,,,,,,,,,,,,,,,,,,,,,,,,,,,,,,,,,,
17.6.16,10994070,1346055,1708415,598438,910779,166092,458496,835333,1068030,957008,866984,874170,626141,391489,186640,,,,,,,,,,,,,,,,,,,,,,,,,,,,,,,,,,,,,
18.6.16,8003531,1014565,1201630,433851,599464,123653,322790,584643,857432,670627,661341,685311,412185,270353,165686,――,,,,,,,,,,,,,,,,,,,,,,,,,,,,,,,,,,,,
19.6.16,7075593,889672,1081406,395264,519011,105719,278406,511361,755497,579763,579814,634293,358990,234282,152115,――,,,,,,,,,,,,,,,,,,,,,,,,,,,,,,,,,,,,
20.6.16,10213288,1235942,1554768,564220,869641,148587,435992,810952,993421,887095,781393,804146,591731,370993,164407,,,,,,,,,,,,,,,,,,,,,,,,,,,,,,,,,,,,,
21.6.16,10720461,1294793,1639158,581255,902077,156586,451702,867470,1046917,936594,825815,838150,614796,387567,177581,,,,,,,,,,,,,,,,,,,,,,,,,,,,,,,,,,,,,
22.6.16,10149489,1229649,1554316,551183,858921,149949,430740,822503,987250,880218,772609,789185,585997,367346,169623,,,,,,,,,,,,,,,,,,,,,,,,,,,,,,,,,,,,,
23.6.16,10630583,1290993,1621035,572243,890213,155588,449379,844926,1040815,929486,826044,830797,613916,387002,178146,,,,,,,,,,,,,,,,,,,,,,,,,,,,,,,,,,,,,
24.6.16,10848351,1333431,1665073,587953,903371,160772,457208,832161,1064566,941977,848885,851152,624516,390858,186428,,,,,,,,,,,,,,,,,,,,,,,,,,,,,,,,,,,,,
25.6.16,7245645,937552,1089145,406148,557093,108205,293376,537443,745922,595441,586594,618538,379020,255260,135908,――,,,,,,,,,,,,,,,,,,,,,,,,,,,,,,,,,,,,
26.6.16,7192444,922989,1130145,404833,525425,110094,284871,515906,720040,584988,605697,629124,364672,242483,151177,――,,,,,,,,,,,,,,,,,,,,,,,,,,,,,,,,,,,,
27.6.16,10113660,1237392,1533390,555667,850042,151692,429262,795785,980933,888050,771519,795806,588106,369961,166055,,,,,,,,,,,,,,,,,,,,,,,,,,,,,,,,,,,,,
28.6.16,10002446,1217956,1524859,544920,839476,149856,423996,797831,976183,873026,767125,772550,584056,371325,159287,,,,,,,,,,,,,,,,,,,,,,,,,,,,,,,,,,,,,
29.6.16,10320160,1253519,1587653,564009,862904,150932,430399,830510,1003799,900585,797371,797793,597364,380652,162670,,,,,,,,,,,,,,,,,,,,,,,,,,,,,,,,,,,,,
30.6.16,10753675,1308191,1669408,578487,889937,157388,452635,851700,1050964,936338,840148,836985,613071,391104,177319,,,,,,,,,,,,,,,,,,,,,,,,,,,,,,,,,,,,,
1.7.16,10926926,1355371,1718418,587938,896039,161366,445149,837851,1053285,947632,863476,859161,622531,394802,183907,,,,,,,,,,,,,,,,,,,,,,,,,,,,,,,,,,,,,
2.7.16,7450759,973679,1157812,401052,552423,115019,288093,535356,765087,621813,626976,622056,383352,264778,143263,――,,,,,,,,,,,,,,,,,,,,,,,,,,,,,,,,,,,,
3.7.16,6858808,894668,1089148,389768,499370,106193,262766,484589,697046,549292,579828,589010,345573,236019,135538,――,,,,,,,,,,,,,,,,,,,,,,,,,,,,,,,,,,,,
4.7.16,10609288,1303921,1636300,574841,877553,157732,439927,820170,1021829,927345,833736,840088,615750,386304,173792,,,,,,,,,,,,,,,,,,,,,,,,,,,,,,,,,,,,,
5.7.16,10496448,1286017,1626135,565130,876769,152636,434597,822440,1009370,918714,819093,820843,608493,388252,167959,,,,,,,,,,,,,,,,,,,,,,,,,,,,,,,,,,,,,
6.7.16,10699628,1303652,1677574,571026,890671,153892,446986,836270,1030495,932746,843068,831167,617190,392046,172845,,,,,,,,,,,,,,,,,,,,,,,,,,,,,,,,,,,,,
7.7.16,10612946,1295654,1656019,566706,877586,151241,440243,825925,1034645,927075,838096,827409,611525,388657,172165,,,,,,,,,,,,,,,,,,,,,,,,,,,,,,,,,,,,,
8.7.16,11038621,1366468,1742159,588980,907627,160082,453820,838567,1084871,954085,875663,855739,630618,402137,177805,,,,,,,,,,,,,,,,,,,,,,,,,,,,,,,,,,,,,
9.7.16,7615135,986686,1192421,405810,557360,114210,296054,545549,803459,628439,649729,643157,386924,265616,139721,――,,,,,,,,,,,,,,,,,,,,,,,,,,,,,,,,,,,,
10.7.16,6560348,846721,1042404,360605,480105,99442,250130,459545,676530,524871,567016,576730,326625,223043,126581,――,,,,,,,,,,,,,,,,,,,,,,,,,,,,,,,,,,,,
11.7.16,10338930,1268787,1585663,559661,863541,151406,433265,799733,1003583,905893,807057,813979,600824,382742,162796,,,,,,,,,,,,,,,,,,,,,,,,,,,,,,,,,,,,,
12.7.16,10791795,1317816,1680398,576308,898798,156189,451003,832734,1039648,944988,851635,843950,625185,399802,173341,,,,,,,,,,,,,,,,,,,,,,,,,,,,,,,,,,,,,
13.7.16,10679652,1307563,1650681,569549,888204,154253,446692,831410,1038612,938422,838542,831442,620920,396143,167219,,,,,,,,,,,,,,,,,,,,,,,,,,,,,,,,,,,,,
14.7.16,10269179,1256390,1594555,548236,858425,147951,428845,799515,995065,898566,805786,795695,597035,382341,160774,,,,,,,,,,,,,,,,,,,,,,,,,,,,,,,,,,,,,
15.7.16,10934458,1352432,1722441,581576,903588,158904,452497,825475,1058329,950775,876756,844711,632744,405538,168692,,,,,,,,,,,,,,,,,,,,,,,,,,,,,,,,,,,,,
16.7.16,8087911,1044816,1289814,427203,588493,120032,313995,562645,830647,676489,702435,685248,416874,281572,147648,――,,,,,,,,,,,,,,,,,,,,,,,,,,,,,,,,,,,,
17.7.16,7454755,959013,1206899,412076,521954,110326,281781,504267,757157,609784,657890,659480,372734,252726,148668,――,,,,,,,,,,,,,,,,,,,,,,,,,,,,,,,,,,,,
18.7.16,10802078,1318213,1674992,576685,896995,155733,451495,822116,1043741,948374,855795,861179,629909,391673,175178,,,,,,,,,,,,,,,,,,,,,,,,,,,,,,,,,,,,,
19.7.16,10784353,1313749,1691961,571302,895873,153718,449451,821819,1041147,946549,856290,842550,629392,401533,169019,,,,,,,,,,,,,,,,,,,,,,,,,,,,,,,,,,,,,
20.7.16,10745020,1301001,1717173,566231,895090,151433,441911,818990,1037408,936787,858344,833788,624862,396843,165159,,,,,,,,,,,,,,,,,,,,,,,,,,,,,,,,,,,,,
21.7.16,10507769,1267869,1698886,549990,869674,146480,426970,814976,1011118,913715,838371,809502,609933,389260,161025,,,,,,,,,,,,,,,,,,,,,,,,,,,,,,,,,,,,,
22.7.16,10796920,1317824,1747963,561309,899513,151450,435063,827237,1044133,931205,861564,834103,626531,395300,163725,,,,,,,,,,,,,,,,,,,,,,,,,,,,,,,,,,,,,
23.7.16,7207482,919484,1152703,372090,532577,102827,282360,525667,761899,601745,609586,592086,372828,255513,126117,――,,,,,,,,,,,,,,,,,,,,,,,,,,,,,,,,,,,,
24.7.16,6352786,807777,1041813,339204,460684,90206,244348,447323,659381,515483,548907,540766,319067,219320,118507,――,,,,,,,,,,,,,,,,,,,,,,,,,,,,,,,,,,,,
25.7.16,10339268,1255716,1597847,547771,863567,148146,435077,792681,1005284,909681,815314,813984,606706,382736,164758,,,,,,,,,,,,,,,,,,,,,,,,,,,,,,,,,,,,,
26.7.16,10282134,1238178,1600932,539247,860197,145206,432337,793503,1002480,907577,805833,798746,608078,389095,160725,,,,,,,,,,,,,,,,,,,,,,,,,,,,,,,,,,,,,
27.7.16,10193102,1223715,1594044,532952,854047,142259,429163,794215,991650,898644,800726,787661,601865,385800,156361,,,,,,,,,,,,,,,,,,,,,,,,,,,,,,,,,,,,,
28.7.16,10146197,1220135,1604115,526524,840915,140081,419271,835614,978189,888111,788835,777957,591658,378821,155971,,,,,,,,,,,,,,,,,,,,,,,,,,,,,,,,,,,,,
29.7.16,10627886,1283763,1707162,548078,878412,145685,441605,871715,1022642,922897,833217,805247,615300,389425,162738,,,,,,,,,,,,,,,,,,,,,,,,,,,,,,,,,,,,,
30.7.16,7530133,938741,1237300,390041,549774,103831,289902,608731,777514,622757,630383,607993,384667,258853,129646,――,,,,,,,,,,,,,,,,,,,,,,,,,,,,,,,,,,,,
31.7.16,6900691,865395,1141616,368442,488123,96944,265952,511802,691452,560746,599133,601714,342620,235831,130921,――,,,,,,,,,,,,,,,,,,,,,,,,,,,,,,,,,,,,
1.8.16,10425564,1267132,1618002,549536,863465,147715,435420,796145,1012226,917724,826198,825399,610167,386748,169687,,,,,,,,,,,,,,,,,,,,,,,,,,,,,,,,,,,,,
2.8.16,10415922,1265124,1613617,544687,864007,145862,434687,800562,1021456,919464,819436,814411,613912,393853,164844,,,,,,,,,,,,,,,,,,,,,,,,,,,,,,,,,,,,,
3.8.16,10386712,1254496,1627674,541553,858581,145897,435037,802325,1000548,912396,824319,812627,611865,394335,165059,,,,,,,,,,,,,,,,,,,,,,,,,,,,,,,,,,,,,
4.8.16,10242380,1239551,1610645,540086,845067,142646,428060,804371,990237,893165,808295,796639,597868,383354,162396,,,,,,,,,,,,,,,,,,,,,,,,,,,,,,,,,,,,,
5.8.16,10877360,1327620,1739992,566851,891903,151260,448280,837950,1048760,942812,877062,844065,627541,401320,171944,,,,,,,,,,,,,,,,,,,,,,,,,,,,,,,,,,,,,
6.8.16,7653243,981774,1236155,393532,544254,108671,296674,550850,788161,643936,663063,643651,392784,267473,142265,――,,,,,,,,,,,,,,,,,,,,,,,,,,,,,,,,,,,,
7.8.16,6929919,891325,1143041,367853,484983,98753,260921,471451,704200,562826,614030,607303,346396,238969,137868,――,,,,,,,,,,,,,,,,,,,,,,,,,,,,,,,,,,,,
8.8.16,10540625,1283529,1639516,559497,870432,148133,436434,801007,1020333,927689,835784,839617,615445,390940,172269,,,,,,,,,,,,,,,,,,,,,,,,,,,,,,,,,,,,,
9.8.16,10857063,1322803,1726879,560898,880995,150894,444490,820942,1055918,961626,866931,848354,631325,411773,173235,,,,,,,,,,,,,,,,,,,,,,,,,,,,,,,,,,,,,
10.8.16,10483455,1269659,1640576,551602,867162,146358,436382,796245,1017946,922349,832632,824311,614634,393998,169601,,,,,,,,,,,,,,,,,,,,,,,,,,,,,,,,,,,,,
11.8.16,10382638,1255238,1632106,544425,855356,143157,431717,788535,1006301,913795,825886,820081,607708,390324,168009,,,,,,,,,,,,,,,,,,,,,,,,,,,,,,,,,,,,,
12.8.16,10685757,1307787,1702930,557838,877021,147554,442484,799916,1030877,930399,860255,838871,621688,395433,172704,,,,,,,,,,,,,,,,,,,,,,,,,,,,,,,,,,,,,
13.8.16,7531800,957184,1214272,390792,542949,104395,290441,523287,804931,631748,646195,631201,386747,267095,140563,――,,,,,,,,,,,,,,,,,,,,,,,,,,,,,,,,,,,,
14.8.16,6816802,873534,1121555,356909,482149,95969,259735,465290,707450,557116,595564,592210,337342,236463,135516,――,,,,,,,,,,,,,,,,,,,,,,,,,,,,,,,,,,,,
15.8.16,10396090,1262334,1615909,549827,861079,146665,432000,795826,1003626,915216,820844,829050,606974,386252,170488,,,,,,,,,,,,,,,,,,,,,,,,,,,,,,,,,,,,,
16.8.16,10423455,1261179,1637677,543199,861402,144687,432339,804533,1007205,916454,825179,815651,610802,395407,167741,,,,,,,,,,,,,,,,,,,,,,,,,,,,,,,,,,,,,
17.8.16,10435870,1252260,1639590,547107,860040,143143,432578,833353,1017439,907430,818766,812749,612017,392326,167072,,,,,,,,,,,,,,,,,,,,,,,,,,,,,,,,,,,,,
18.8.16,10512673,1268060,1659977,546210,860147,142940,432376,846317,1019052,914876,831184,818000,611181,394498,167855,,,,,,,,,,,,,,,,,,,,,,,,,,,,,,,,,,,,,
19.8.16,10625165,1297497,1694340,548583,876259,145248,434189,834760,1026918,917173,845839,824744,616379,394339,168897,,,,,,,,,,,,,,,,,,,,,,,,,,,,,,,,,,,,,
20.8.16,7425504,937503,1203481,388736,536096,100112,284522,563171,789718,607733,623464,610964,380621,263664,135719,――,,,,,,,,,,,,,,,,,,,,,,,,,,,,,,,,,,,,
21.8.16,6849158,874883,1136898,362341,483148,95656,257120,504490,700008,554120,586311,586466,340261,233626,133830,――,,,,,,,,,,,,,,,,,,,,,,,,,,,,,,,,,,,,
22.8.16,10416738,1259217,1626101,551025,855831,147099,433063,823388,1000897,911367,820655,824796,606603,384921,171775,,,,,,,,,,,,,,,,,,,,,,,,,,,,,,,,,,,,,
23.8.16,10534398,1277080,1651388,547742,880970,147109,435294,835764,1013420,916084,826440,823543,613769,396746,169049,,,,,,,,,,,,,,,,,,,,,,,,,,,,,,,,,,,,,
24.8.16,10438128,1258936,1658387,545545,861705,144692,433117,811310,1004270,909822,827498,810406,609062,391105,172273,,,,,,,,,,,,,,,,,,,,,,,,,,,,,,,,,,,,,
25.8.16,10381638,1257046,1646652,544076,855946,144626,428963,813043,1001216,900386,820157,803477,605449,389995,170606,,,,,,,,,,,,,,,,,,,,,,,,,,,,,,,,,,,,,
26.8.16,10631882,1303836,1699138,559937,871284,146995,437707,813852,1024046,917534,848182,823216,618659,393804,173692,,,,,,,,,,,,,,,,,,,,,,,,,,,,,,,,,,,,,
27.8.16,7596738,982629,1195698,399988,552468,107256,294378,544516,798907,626173,643236,638667,399271,264653,148898,――,,,,,,,,,,,,,,,,,,,,,,,,,,,,,,,,,,,,
28.8.16,6980627,896815,1122847,384483,498969,98902,267734,489143,723502,560198,595970,604283,354853,233736,149192,――,,,,,,,,,,,,,,,,,,,,,,,,,,,,,,,,,,,,
29.8.16,10302754,1254704,1594791,553991,854402,145330,430670,789449,996806,900016,808149,813512,606071,380828,174035,,,,,,,,,,,,,,,,,,,,,,,,,,,,,,,,,,,,,
30.8.16,10314005,1250976,1597660,548457,859391,143759,434610,804188,1007876,896363,807237,799528,606203,386088,171669,,,,,,,,,,,,,,,,,,,,,,,,,,,,,,,,,,,,,
31.8.16,10264240,1232114,1584157,544701,852667,144213,433140,816223,1010041,894402,798222,791331,602124,386558,174347,,,,,,,,,,,,,,,,,,,,,,,,,,,,,,,,,,,,,
1.9.16,10323937,1238999,1600700,546783,851569,142997,430576,823225,1006160,897640,810932,812474,605846,383334,172702,,,,,,,,,,,,,,,,,,,,,,,,,,,,,,,,,,,,,
2.9.16,10759275,1307181,1680853,569265,886307,151571,449955,832458,1040966,928502,855647,848842,626107,395364,186257,,,,,,,,,,,,,,,,,,,,,,,,,,,,,,,,,,,,,
3.9.16,7526459,959349,1175713,403769,557244,109429,294516,547950,760661,629650,649781,622061,398080,264163,154093,――,,,,,,,,,,,,,,,,,,,,,,,,,,,,,,,,,,,,
4.9.16,6724520,854589,1066097,368419,489306,102069,265550,473741,668838,548967,578912,582889,345464,229616,150063,――,,,,,,,,,,,,,,,,,,,,,,,,,,,,,,,,,,,,
5.9.16,10326776,1247855,1574221,557200,859789,147938,438633,805484,993790,902019,807773,826363,610629,383856,171226,,,,,,,,,,,,,,,,,,,,,,,,,,,,,,,,,,,,,
6.9.16,10271836,1246454,1575342,553903,856084,146338,433390,807527,991596,894286,804416,805255,608097,384820,164328,,,,,,,,,,,,,,,,,,,,,,,,,,,,,,,,,,,,,
7.9.16,9915262,1197745,1525731,536641,833461,140734,418329,785490,952895,860673,772398,766179,591518,377349,156119,,,,,,,,,,,,,,,,,,,,,,,,,,,,,,,,,,,,,
8.9.16,10506963,1256515,1638579,561808,870360,151326,438642,849114,1019497,906042,822093,810422,617246,387201,178118,,,,,,,,,,,,,,,,,,,,,,,,,,,,,,,,,,,,,
9.9.16,11158146,1349024,1750784,592297,924126,163361,463365,889614,1078385,952934,875939,864159,647982,407393,198783,,,,,,,,,,,,,,,,,,,,,,,,,,,,,,,,,,,,,
10.9.16,8245522,1052065,1293257,438014,604871,122559,315141,621532,847347,672646,691916,668530,434468,298911,184265,――,,,,,,,,,,,,,,,,,,,,,,,,,,,,,,,,,,,,
11.9.16,6930863,875446,1089924,386811,509426,105924,265631,516353,695854,557526,570758,594489,358558,237015,167148,――,,,,,,,,,,,,,,,,,,,,,,,,,,,,,,,,,,,,
12.9.16,10525502,1275467,1601876,567718,879956,151759,446341,824100,1023146,918612,814799,827139,624217,392606,177766,,,,,,,,,,,,,,,,,,,,,,,,,,,,,,,,,,,,,
13.9.16,10597898,1284602,1622207,568843,888965,150040,446555,825000,1039392,918181,823748,824205,630389,399255,176516,,,,,,,,,,,,,,,,,,,,,,,,,,,,,,,,,,,,,
14.9.16,10885761,1356420,1673158,595563,901107,167281,451877,828941,1040180,928864,842740,856198,636809,406594,200029,,,,,,,,,,,,,,,,,,,,,,,,,,,,,,,,,,,,,
15.9.16,6248195,794238,1015156,322908,435471,102517,233245,440937,635386,505398,536614,543418,321479,219301,142127,中秋,,,,,,,,,,,,,,,,,,,,,,,,,,,,,,,,,,,,
16.9.16,6108974,777201,990501,321863,428664,90123,234224,436324,634724,500659,533594,500946,321268,223090,115793,中秋,,,,,,,,,,,,,,,,,,,,,,,,,,,,,,,,,,,,
17.9.16,6934927,887199,1102341,391802,499206,104933,268367,488263,704864,557379,585791,582490,371695,237783,152814,中秋,,,,,,,,,,,,,,,,,,,,,,,,,,,,,,,,,,,,
18.9.16,9599548,1163720,1456816,532904,782694,139869,407264,739321,928953,825536,746280,773646,573648,358868,170029,,,,,,,,,,,,,,,,,,,,,,,,,,,,,,,,,,,,,
19.9.16,10193993,1222605,1546352,553991,856533,146986,437832,812164,982881,889224,787469,799179,610983,382514,165280,,,,,,,,,,,,,,,,,,,,,,,,,,,,,,,,,,,,,
20.9.16,10415996,1248324,1580788,560471,872999,149078,444635,834214,1016039,903421,810020,813664,623241,391289,167813,,,,,,,,,,,,,,,,,,,,,,,,,,,,,,,,,,,,,
21.9.16,10362552,1239658,1574967,555305,867948,148757,441970,824747,1007691,899790,809157,810117,622538,390787,169120,,,,,,,,,,,,,,,,,,,,,,,,,,,,,,,,,,,,,
22.9.16,10361956,1243061,1573126,558848,866644,148385,442343,816870,1004186,898607,814493,811227,622177,390349,171640,,,,,,,,,,,,,,,,,,,,,,,,,,,,,,,,,,,,,
23.9.16,11001027,1329515,1683679,598191,906416,162090,466413,844503,1065892,955925,863379,869043,650040,408240,197701,,,,,,,,,,,,,,,,,,,,,,,,,,,,,,,,,,,,,
24.9.16,8168687,1027848,1244989,436606,620258,123882,334506,596359,831118,676436,693287,680054,447608,292653,163083,――,,,,,,,,,,,,,,,,,,,,,,,,,,,,,,,,,,,,
25.9.16,7418611,922965,1157520,413160,540137,110864,300870,532950,743946,604603,630230,639365,401494,258004,162503,――,,,,,,,,,,,,,,,,,,,,,,,,,,,,,,,,,,,,
26.9.16,10424640,1252205,1585831,566393,874722,150674,443043,817591,1013853,905225,812792,819731,621613,389599,171368,,,,,,,,,,,,,,,,,,,,,,,,,,,,,,,,,,,,,
27.9.16,10347354,1242958,1578887,559140,871371,148296,441715,811023,1004946,900527,808493,806163,618999,389051,165785,,,,,,,,,,,,,,,,,,,,,,,,,,,,,,,,,,,,,
28.9.16,10084020,1223773,1522577,546742,850747,146163,430947,795194,979163,875981,779832,782569,606371,382246,161715,,,,,,,,,,,,,,,,,,,,,,,,,,,,,,,,,,,,,
29.9.16,10047725,1230989,1520794,547473,843919,146024,422806,791295,967431,866018,786956,778650,602705,381016,161649,,,,,,,,,,,,,,,,,,,,,,,,,,,,,,,,,,,,,
30.9.16,10891970,1396768,1647656,604222,890395,168950,452878,815404,1049915,922919,841179,869896,635516,389317,206955,,,,,,,,,,,,,,,,,,,,,,,,,,,,,,,,,,,,,
1.10.16,7486503,1039516,1240080,391765,495428,117814,263048,491360,742855,583734,676760,665286,369277,230821,178759,国庆,,,,,,,,,,,,,,,,,,,,,,,,,,,,,,,,,,,,
2.10.16,7456239,985709,1282491,364878,467708,104454,246962,484517,753534,593653,706921,674827,354935,236894,198756,国庆,,,,,,,,,,,,,,,,,,,,,,,,,,,,,,,,,,,,
3.10.16,6847741,902958,1177293,344938,440487,92581,229486,451430,697233,552991,644550,594000,329509,224956,165329,国庆,,,,,,,,,,,,,,,,,,,,,,,,,,,,,,,,,,,,
4.10.16,7147470,910589,1204229,357408,482439,93300,237891,458440,732200,595398,692109,616229,345394,243340,178504,国庆,,,,,,,,,,,,,,,,,,,,,,,,,,,,,,,,,,,,
5.10.16,6976974,895435,1163835,366673,484789,91332,240179,450344,711109,561661,666194,594443,344640,240800,165540,国庆,,,,,,,,,,,,,,,,,,,,,,,,,,,,,,,,,,,,
6.10.16,6884711,895412,1109920,379803,485605,96050,250180,468182,700827,550737,617376,588002,353429,238377,150811,国庆,,,,,,,,,,,,,,,,,,,,,,,,,,,,,,,,,,,,
7.10.16,6432444,843629,1012620,382205,487901,97206,246289,446433,631740,507825,522992,558416,340176,210236,144776,国庆,,,,,,,,,,,,,,,,,,,,,,,,,,,,,,,,,,,,
8.10.16,9197063,1123354,1378235,523411,759735,136512,388431,708780,896546,783986,707202,733744,553253,350764,153110,,,,,,,,,,,,,,,,,,,,,,,,,,,,,,,,,,,,,
9.10.16,9751281,1180605,1461155,541313,796681,143854,413499,754053,960443,845224,752271,783407,582016,367398,169362,,,,,,,,,,,,,,,,,,,,,,,,,,,,,,,,,,,,,
10.10.16,10364868,1240477,1571523,561426,866388,151605,439889,829942,1002302,900091,798857,822933,619659,389374,170402,,,,,,,,,,,,,,,,,,,,,,,,,,,,,,,,,,,,,
11.10.16,10485885,1245800,1626696,559838,871995,150506,441982,841690,1011725,906036,821238,821681,622155,392735,171808,,,,,,,,,,,,,,,,,,,,,,,,,,,,,,,,,,,,,
12.10.16,10540034,1248869,1654837,561820,875245,151485,443417,839348,1016582,907025,828344,822610,624238,394568,171646,,,,,,,,,,,,,,,,,,,,,,,,,,,,,,,,,,,,,
13.10.16,10437574,1247647,1609389,559023,867616,150532,439388,823002,1007659,903518,822082,816683,621968,396882,172185,,,,,,,,,,,,,,,,,,,,,,,,,,,,,,,,,,,,,
14.10.16,10983084,1328181,1674385,586816,900802,162795,466600,849653,1068901,953142,857787,865182,656030,413103,199707,,,,,,,,,,,,,,,,,,,,,,,,,,,,,,,,,,,,,
15.10.16,8084688,1019131,1224261,431161,601167,123266,326475,597561,832161,676258,686140,668681,447950,288098,162378,――,,,,,,,,,,,,,,,,,,,,,,,,,,,,,,,,,,,,
16.10.16,7424986,935420,1136443,415106,540353,114410,298091,533665,764333,607482,624976,629928,402306,256045,166428,――,,,,,,,,,,,,,,,,,,,,,,,,,,,,,,,,,,,,
17.10.16,10527183,1260628,1587282,567747,876964,153707,448988,828513,1019469,918853,822110,838435,633261,395126,176100,,,,,,,,,,,,,,,,,,,,,,,,,,,,,,,,,,,,,
18.10.16,10641598,1268148,1614698,569321,883939,151055,453844,850720,1044516,922167,835459,838057,637146,398959,173569,,,,,,,,,,,,,,,,,,,,,,,,,,,,,,,,,,,,,
19.10.16,10606296,1258027,1627859,563838,880213,150340,452245,858654,1023704,915805,832699,829583,638880,401993,172456,,,,,,,,,,,,,,,,,,,,,,,,,,,,,,,,,,,,,
20.10.16,10374518,1231449,1592545,553105,861966,147071,442400,839710,1001516,895316,815013,808631,621147,395307,169342,,,,,,,,,,,,,,,,,,,,,,,,,,,,,,,,,,,,,
21.10.16,10653426,1285944,1656578,566400,875385,155862,444997,842455,1020998,918528,837748,829479,632916,402674,183462,,,,,,,,,,,,,,,,,,,,,,,,,,,,,,,,,,,,,
22.10.16,6512686,819857,1008795,351265,502940,92646,250446,482976,674342,532507,552034,531822,358701,239860,114495,――,,,,,,,,,,,,,,,,,,,,,,,,,,,,,,,,,,,,
23.10.16,7185134,897417,1143858,395010,523660,107140,287419,518742,722056,578838,620993,602021,388559,245698,153723,――,,,,,,,,,,,,,,,,,,,,,,,,,,,,,,,,,,,,
24.10.16,10555521,1260921,1607196,569401,880541,153008,454013,824847,1017574,918435,826514,835176,633158,397965,176772,,,,,,,,,,,,,,,,,,,,,,,,,,,,,,,,,,,,,
25.10.16,10613186,1270519,1602610,569907,887802,150790,453539,840936,1033652,926295,832417,830872,639177,403745,170925,,,,,,,,,,,,,,,,,,,,,,,,,,,,,,,,,,,,,
26.10.16,10083329,1197044,1523076,540987,848504,142607,430897,829818,994479,870941,776967,769064,612389,389897,156659,,,,,,,,,,,,,,,,,,,,,,,,,,,,,,,,,,,,,
27.10.16,10386298,1234180,1583689,552965,864300,146661,441092,851019,1008933,900477,810093,798180,626587,400383,167739,,,,,,,,,,,,,,,,,,,,,,,,,,,,,,,,,,,,,
28.10.16,11228463,1355940,1733461,594970,919560,162334,473156,890768,1089992,966269,881024,871997,670435,422178,196379,,,,,,,,,,,,,,,,,,,,,,,,,,,,,,,,,,,,,
29.10.16,8070353,1009646,1231161,430756,599289,119180,327886,607223,833759,673350,684481,660738,441588,294262,157034,――,,,,,,,,,,,,,,,,,,,,,,,,,,,,,,,,,,,,
30.10.16,7646026,961723,1162325,418392,576626,113908,301700,552880,776120,635692,650513,656067,415677,261751,162652,――,,,,,,,,,,,,,,,,,,,,,,,,,,,,,,,,,,,,
31.10.16,10348482,1231256,1557890,558815,863078,150066,443755,821255,1001217,905651,803706,815472,629381,398516,168424,,,,,,,,,,,,,,,,,,,,,,,,,,,,,,,,,,,,,
1.11.16,10619890,1263065,1617531,568445,879472,152684,450731,847035,1026024,931153,840070,829411,641368,401081,171820,,,,,,,,,,,,,,,,,,,,,,,,,,,,,,,,,,,,,
2.11.16,10697518,1267474,1651568,569099,882491,157026,450663,853915,1032196,929754,844730,834248,643725,405665,174964,,,,,,,,,,,,,,,,,,,,,,,,,,,,,,,,,,,,,
3.11.16,10680874,1265250,1650610,571077,880541,151439,452382,845060,1036334,926894,846534,832966,641515,404481,175791,,,,,,,,,,,,,,,,,,,,,,,,,,,,,,,,,,,,,
4.11.16,11308764,1364664,1761879,605887,919077,165132,476745,870999,1092248,980597,878082,893032,671901,421698,206823,,,,,,,,,,,,,,,,,,,,,,,,,,,,,,,,,,,,,
5.11.16,8199356,1026211,1263664,445704,599759,123042,328682,599261,849545,693057,681286,685340,446998,288590,168217,――,,,,,,,,,,,,,,,,,,,,,,,,,,,,,,,,,,,,
6.11.16,7408714,928934,1134836,409799,539420,111921,298078,536532,749286,610606,611912,656565,395712,251414,173699,――,,,,,,,,,,,,,,,,,,,,,,,,,,,,,,,,,,,,
7.11.16,10452590,1246455,1570934,561884,874781,150203,447542,847324,1011941,912230,795747,821269,634638,404292,173350,,,,,,,,,,,,,,,,,,,,,,,,,,,,,,,,,,,,,
8.11.16,10238024,1218609,1543577,549688,862605,143501,441478,843813,997651,879075,789732,785513,624498,398938,159346,,,,,,,,,,,,,,,,,,,,,,,,,,,,,,,,,,,,,
9.11.16,10505859,1249656,1580075,560706,876589,147031,451147,857409,1020218,917049,816291,811202,644317,404804,169365,,,,,,,,,,,,,,,,,,,,,,,,,,,,,,,,,,,,,
10.11.16,10577097,1262001,1596447,567193,880641,150652,451873,836189,1030159,921399,833293,819603,647403,406774,173470,,,,,,,,,,,,,,,,,,,,,,,,,,,,,,,,,,,,,
11.11.16,11391990,1377551,1753538,605855,926919,167416,483377,877791,1099901,988215,905797,890495,683882,425431,205822,,,,,,,,,,,,,,,,,,,,,,,,,,,,,,,,,,,,,
12.11.16,7988999,1000296,1205331,428315,591319,117266,323467,594083,822625,676158,682074,665467,437327,286631,158640,――,,,,,,,,,,,,,,,,,,,,,,,,,,,,,,,,,,,,
13.11.16,6913590,867907,1057537,383283,503702,103957,279223,505346,693085,568475,573449,610052,372373,239023,156178,――,,,,,,,,,,,,,,,,,,,,,,,,,,,,,,,,,,,,
14.11.16,10369090,1232253,1551036,558691,868094,150565,450375,826660,1000011,904413,802108,824448,631989,395557,172890,,,,,,,,,,,,,,,,,,,,,,,,,,,,,,,,,,,,,
15.11.16,10506845,1251322,1568600,562793,881959,149413,452383,835568,1023289,922060,821919,822285,640969,403237,171048,,,,,,,,,,,,,,,,,,,,,,,,,,,,,,,,,,,,,
16.11.16,10474031,1250162,1566187,566253,879769,149511,450795,827236,1016789,916347,820586,814353,641081,403619,171343,,,,,,,,,,,,,,,,,,,,,,,,,,,,,,,,,,,,,
17.11.16,10193518,1219076,1527302,549281,852622,147735,438552,802752,984535,893465,801248,788940,625248,397281,165481,,,,,,,,,,,,,,,,,,,,,,,,,,,,,,,,,,,,,
18.11.16,11083618,1338363,1680067,595531,907293,165479,472368,856494,1081433,961547,867939,871389,667682,419125,198908,,,,,,,,,,,,,,,,,,,,,,,,,,,,,,,,,,,,,
19.11.16,7881377,991507,1184184,421227,582567,118524,319689,584119,810707,667743,662584,655664,432623,289547,160692,――,,,,,,,,,,,,,,,,,,,,,,,,,,,,,,,,,,,,
20.11.16,7069064,884415,1080862,394827,516178,105953,286003,517608,718391,582225,583248,609721,384057,245846,159730,――,,,,,,,,,,,,,,,,,,,,,,,,,,,,,,,,,,,,
21.11.16,10356331,1236150,1552229,560262,864446,150450,445168,832181,999469,900470,799138,812526,634135,397862,171845,,,,,,,,,,,,,,,,,,,,,,,,,,,,,,,,,,,,,
22.11.16,10451173,1239441,1578640,554227,871181,147433,448804,867522,1023501,905769,810919,798968,636788,402995,164985,,,,,,,,,,,,,,,,,,,,,,,,,,,,,,,,,,,,,
23.11.16,10414288,1227293,1583665,547559,868464,146270,447266,873020,1006315,902540,810230,790809,640428,407139,163290,,,,,,,,,,,,,,,,,,,,,,,,,,,,,,,,,,,,,
24.11.16,10636935,1256441,1617381,566345,880820,149338,453456,875030,1026691,918020,842480,819559,647377,412544,171453,,,,,,,,,,,,,,,,,,,,,,,,,,,,,,,,,,,,,
25.11.16,11181880,1341181,1703937,599422,915683,162517,476786,886645,1083143,964590,879852,867305,679886,424778,196155,,,,,,,,,,,,,,,,,,,,,,,,,,,,,,,,,,,,,
26.11.16,7017930,879612,1044528,378126,532110,103512,285751,526597,745504,584788,584489,566729,393126,264406,128652,――,,,,,,,,,,,,,,,,,,,,,,,,,,,,,,,,,,,,
27.11.16,7568641,934999,1157688,410842,555743,110801,309565,545343,777046,620226,646590,650837,414160,267291,167510,――,,,,,,,,,,,,,,,,,,,,,,,,,,,,,,,,,,,,
28.11.16,10515608,1251090,1573109,569558,876700,152557,454910,831347,1018808,919371,815597,829692,642685,406057,174127,,,,,,,,,,,,,,,,,,,,,,,,,,,,,,,,,,,,,
29.11.16,10532920,1248248,1591018,565104,876573,148828,453828,836693,1029706,917046,822792,819466,646859,408525,168234,,,,,,,,,,,,,,,,,,,,,,,,,,,,,,,,,,,,,
30.11.16,10499647,1240819,1612374,561834,875439,150656,455680,829292,1009681,910326,823925,814513,639739,408181,167188,,,,,,,,,,,,,,,,,,,,,,,,,,,,,,,,,,,,,
1.12.16,10575703,1247975,1633768,562177,873386,150590,450833,842378,1020860,913597,834663,823333,642333,407084,172726,,,,,,,,,,,,,,,,,,,,,,,,,,,,,,,,,,,,,
2.12.16,11284437,1342769,1758119,602611,917602,162164,477333,887624,1088341,971207,891945,883402,673728,427054,200538,,,,,,,,,,,,,,,,,,,,,,,,,,,,,,,,,,,,,
3.12.16,8286343,1018422,1290702,431047,609016,120629,332215,657516,855341,687110,700468,681411,439881,293989,168596,――,,,,,,,,,,,,,,,,,,,,,,,,,,,,,,,,,,,,
4.12.16,7184464,888832,1095381,391728,533070,105603,288609,550351,720976,592797,594385,628513,383528,250365,160326,――,,,,,,,,,,,,,,,,,,,,,,,,,,,,,,,,,,,,
5.12.16,10429048,1241018,1547301,561359,871768,155695,451513,826880,1010791,915747,804462,828958,635812,403092,174652,,,,,,,,,,,,,,,,,,,,,,,,,,,,,,,,,,,,,
6.12.16,10424382,1233101,1555383,559272,873131,148001,450967,831858,1018028,913524,812428,814747,638448,407167,168327,,,,,,,,,,,,,,,,,,,,,,,,,,,,,,,,,,,,,
7.12.16,10430223,1232100,1560515,559023,869924,148218,450897,836837,1013928,913622,811592,818151,637928,408539,168949,,,,,,,,,,,,,,,,,,,,,,,,,,,,,,,,,,,,,
8.12.16,10439687,1235348,1563256,558398,868079,150145,449902,837169,1011367,913809,816511,816538,637971,408703,172491,,,,,,,,,,,,,,,,,,,,,,,,,,,,,,,,,,,,,
9.12.16,11146942,1335373,1694863,594640,910812,162054,481314,869690,1077961,973206,870707,877063,673890,425551,199818,,,,,,,,,,,,,,,,,,,,,,,,,,,,,,,,,,,,,
10.12.16,8148280,1013157,1222545,426623,601274,120294,329902,603753,878727,688686,679896,681445,440666,298878,162434,――,,,,,,,,,,,,,,,,,,,,,,,,,,,,,,,,,,,,
11.12.16,7256414,898434,1103023,386026,523420,107746,295918,531411,772320,598550,602006,636434,386947,251799,162380,――,,,,,,,,,,,,,,,,,,,,,,,,,,,,,,,,,,,,
12.12.16,10431998,1241713,1557683,561067,867455,151884,451305,824435,1009668,912415,807394,831188,638971,403317,173503,,,,,,,,,,,,,,,,,,,,,,,,,,,,,,,,,,,,,
13.12.16,10005289,1183101,1493715,535486,838983,143511,434854,802266,972863,876550,774178,776166,620058,394675,158883,,,,,,,,,,,,,,,,,,,,,,,,,,,,,,,,,,,,,
14.12.16,10297948,1220239,1536253,550759,861937,147993,446205,823037,1002531,903327,802658,798818,632936,406653,164602,,,,,,,,,,,,,,,,,,,,,,,,,,,,,,,,,,,,,
15.12.16,10391504,1234880,1553325,553728,864157,146433,448506,828907,1013130,909069,817750,810427,635619,409264,166309,,,,,,,,,,,,,,,,,,,,,,,,,,,,,,,,,,,,,
16.12.16,11036005,1328098,1672648,587743,904141,160497,472062,858522,1076471,963316,869017,862760,667186,425373,188171,,,,,,,,,,,,,,,,,,,,,,,,,,,,,,,,,,,,,
17.12.16,8015364,1003146,1214033,425592,587458,123084,322162,594424,834790,680308,668126,671491,438334,294256,158160,――,,,,,,,,,,,,,,,,,,,,,,,,,,,,,,,,,,,,
18.12.16,7325743,914990,1114266,402470,535268,112517,296826,535265,742324,604892,610239,642037,396382,260816,157451,――,,,,,,,,,,,,,,,,,,,,,,,,,,,,,,,,,,,,
19.12.16,10493844,1245428,1562789,564184,873609,152209,451883,827953,1018498,920566,813113,842404,640489,406183,174536,,,,,,,,,,,,,,,,,,,,,,,,,,,,,,,,,,,,,
20.12.16,10286283,1220676,1537711,551643,860201,147405,445142,818270,1002563,899062,800057,803547,632763,405591,161652,,,,,,,,,,,,,,,,,,,,,,,,,,,,,,,,,,,,,
21.12.16,10240857,1208561,1527505,549722,850211,155810,443684,812038,991514,889582,785076,835280,627085,401240,163549,,,,,,,,,,,,,,,,,,,,,,,,,,,,,,,,,,,,,
22.12.16,10407654,1240363,1561037,557082,863942,147543,447594,823746,1013651,910168,813129,811722,639107,409777,168793,,,,,,,,,,,,,,,,,,,,,,,,,,,,,,,,,,,,,
23.12.16,11195586,1353379,1703185,592972,909647,163473,473197,865240,1088050,976020,880050,881596,679539,431138,198100,,,,,,,,,,,,,,,,,,,,,,,,,,,,,,,,,,,,,
24.12.16,8590419,1121030,1326169,441577,616838,127002,335928,622537,888004,720370,753149,682557,468961,329890,156407,――,,,,,,,,,,,,,,,,,,,,,,,,,,,,,,,,,,,,
25.12.16,6950376,899018,1062153,373547,504539,107124,271291,502533,715390,571775,583468,579343,379968,256206,144021,――,,,,,,,,,,,,,,,,,,,,,,,,,,,,,,,,,,,,
26.12.16,10051032,1196057,1493842,541547,838636,144423,433225,796974,982157,880238,779153,785867,618394,397947,162572,,,,,,,,,,,,,,,,,,,,,,,,,,,,,,,,,,,,,
27.12.16,10346276,1233979,1551151,549947,858262,145661,443857,819595,1013950,908687,810162,804148,634635,408893,163349,,,,,,,,,,,,,,,,,,,,,,,,,,,,,,,,,,,,,
28.12.16,10435480,1237414,1566826,554576,866339,146972,451439,824521,1026884,911095,816209,812152,642404,413078,165571,,,,,,,,,,,,,,,,,,,,,,,,,,,,,,,,,,,,,
29.12.16,10512488,1248784,1588831,558319,865651,147707,451555,825416,1028205,917873,826532,821993,646835,412574,172213,,,,,,,,,,,,,,,,,,,,,,,,,,,,,,,,,,,,,
30.12.16,11135328,1349062,1701591,592590,901206,160430,467173,847977,1092160,971075,888009,875460,666265,425357,196973,,,,,,,,,,,,,,,,,,,,,,,,,,,,,,,,,,,,,
31.12.16,8519085,1120101,1404167,428365,580890,119207,323256,572348,874481,728277,765574,690355,444715,299528,167821,元旦,,,,,,,,,,,,,,,,,,,,,,,,,,,,,,,,,,,,
1.1.17,7687427,964487,1276845,378292,495340,112232,277728,514174,778507,651601,724095,682624,396581,267667,167254,,,,,,,,,,,,,,,,,,,,,,,,,,,,,,,,,,,,,
2.1.17,6755948,855703,1093781,378835,479289,97727,263858,473521,672136,548966,581859,575018,357753,229616,147886,,,,,,,,,,,,,,,,,,,,,,,,,,,,,,,,,,,,,
,,,,,,,,,,,,,,,,,,,,,,,,,,,,,,,,,,,,,,,,,,,,,,,,,,,,
,,,,,,,,,,,,,,,,,,,,,,,,,,,,,,,,,,,,,,,,,,,,,,,,,,,,
,,,,,,,,,,,,,,,,,,,,,,,,,,,,,,,,,,,,,,,,,,,,,,,,,,,,
,,,,,,,,,,,,,,,,,,,,,,,,,,,,,,,,,,,,,,,,,,,,,,,,,,,,
,,,,,,,,,,,,,,,,,,,,,,,,,,,,,,,,,,,,,,,,,,,,,,,,,,,,
,,,,,,,,,,,,,,,,,,,,,,,,,,,,,,,,,,,,,,,,,,,,,,,,,,,,
,,,,,,,,,,,,,,,,,,,,,,,,,,,,,,,,,,,,,,,,,,,,,,,,,,,,
,,,,,,,,,,,,,,,,,,,,,,,,,,,,,,,,,,,,,,,,,,,,,,,,,,,,
,,,,,,,,,,,,,,,,,,,,,,,,,,,,,,,,,,,,,,,,,,,,,,,,,,,,
,,,,,,,,,,,,,,,,,,,,,,,,,,,,,,,,,,,,,,,,,,,,,,,,,,,,
,,,,,,,,,,,,,,,,,,,,,,,,,,,,,,,,,,,,,,,,,,,,,,,,,,,,
,,,,,,,,,,,,,,,,,,,,,,,,,,,,,,,,,,,,,,,,,,,,,,,,,,,,
,,,,,,,,,,,,,,,,,,,,,,,,,,,,,,,,,,,,,,,,,,,,,,,,,,,,
,,,,,,,,,,,,,,,,,,,,,,,,,,,,,,,,,,,,,,,,,,,,,,,,,,,,
,,,,,,,,,,,,,,,,,,,,,,,,,,,,,,,,,,,,,,,,,,,,,,,,,,,,
,,,,,,,,,,,,,,,,,,,,,,,,,,,,,,,,,,,,,,,,,,,,,,,,,,,,
,,,,,,,,,,,,,,,,,,,,,,,,,,,,,,,,,,,,,,,,,,,,,,,,,,,,
,,,,,,,,,,,,,,,,,,,,,,,,,,,,,,,,,,,,,,,,,,,,,,,,,,,,
,,,,,,,,,,,,,,,,,,,,,,,,,,,,,,,,,,,,,,,,,,,,,,,,,,,,
,,,,,,,,,,,,,,,,,,,,,,,,,,,,,,,,,,,,,,,,,,,,,,,,,,,,
,,,,,,,,,,,,,,,,,,,,,,,,,,,,,,,,,,,,,,,,,,,,,,,,,,,,
,,,,,,,,,,,,,,,,,,,,,,,,,,,,,,,,,,,,,,,,,,,,,,,,,,,,
,,,,,,,,,,,,,,,,,,,,,,,,,,,,,,,,,,,,,,,,,,,,,,,,,,,,
,,,,,,,,,,,,,,,,,,,,,,,,,,,,,,,,,,,,,,,,,,,,,,,,,,,,
,,,,,,,,,,,,,,,,,,,,,,,,,,,,,,,,,,,,,,,,,,,,,,,,,,,,
,,,,,,,,,,,,,,,,,,,,,,,,,,,,,,,,,,,,,,,,,,,,,,,,,,,,
,,,,,,,,,,,,,,,,,,,,,,,,,,,,,,,,,,,,,,,,,,,,,,,,,,,,
,,,,,,,,,,,,,,,,,,,,,,,,,,,,,,,,,,,,,,,,,,,,,,,,,,,,
,,,,,,,,,,,,,,,,,,,,,,,,,,,,,,,,,,,,,,,,,,,,,,,,,,,,
,,,,,,,,,,,,,,,,,,,,,,,,,,,,,,,,,,,,,,,,,,,,,,,,,,,,
